safety_score,,service_score,on_time_score,score,,name,country_code,country_name,region,year_founded,years_in_operation,alliance,fleet_size,monthly_flights,flights_delayed_percentage,average_delay_minutes,eu_banned,us_banned,banned,odds_fatal,years_until_fatal,,fatal_accidents,full_loss_equivalent,,last_fatal_accident,,,,,,,,url,,gdp_per_capita,,,,,,,,,,,,,,
âš ï¸           SAFETY SCORE       ,ğŸƒ           NEVER CRASHED,ğŸ˜Š           SERVICE SCORE       ,â°                      ON TIME SCORE,âœˆï¸           AIRLINE LIST SCORE       ,,Airline,,,,Founded,,Alliance,Fleet size,Flights/month (Oct 2018) ,% of flight delayed (Oct 2018),Average delay in minutes (Oct 2018),EU ban,FAA ban,,1 in...estimated odds of fatal accident per trip (*based on planes lost / fleet size * avg 6 trips per day * 30 years) ,Fatal accident if going non-stop for,,Fatal accidents (since 1970),"Fatal accidents in FLE (since 1970) * Full Loss Equivalent = The sum of the proportions of passengers killed for each fatal event. For example, 50 out of 100 passengers killed on a flight is an FLE of 0.50, 1 of 100 would be a FLE of 0.01. The fatal event rate for a set of fatal events is found by dividing the total FLE by the number of flights in millions.",FLE / year,Last fatal accident (after 1970),FLE / 1000x fleet size,Flight-report.com economy service ranking (out of 10),Airlineratings.com Safety (out of 7),Customer service rating (Skytrax normalized) (out of 5),Airhelp.com On-Time Performance (out of 10),Airhelp.com Quality of Service (out of 10),Airhelp.com Delay Claim Processing (out of 10),Website,Website rating,GDP per capita (nominal) in airline country,Sources,,,,,,,,,,,,,
5.00,Never,5.00,,5.00,,Hainan Airlines,ğŸ‡¨ğŸ‡³,China,Asia,1989,29,,76,,,,,,0 ,,,,0,0.00,0.00,,0.00,,7,5.00,,,,hainanairlines.com,,"$8,126",Fleet size,https://www.hainanairlines.com/HUPortal/dyn/portal/DisplayPage?COUNTRY_SITE=INT&SITE=CBHZCBHZ&LANGUAGE=GB&PAGE=FLET,Founded,http://www.planecrashinfo.com/accidents.htm,Full Loss Equivalents,http://www.airsafe.com/airline.htm,GDP per Capita (nominal),https://en.wikipedia.org/wiki/List_of_countries_by_GDP_(nominal)_per_capita,Airhelp score,https://www.airhelp.com/en/airhelp-score/airline-ranking/,,,,
5.00,Never,4.48,,4.74,,EVA Air,ğŸ‡¹ğŸ‡¼,Taiwan,Asia,1989,29,Star Alliance,75,,,,,,0 ,,,,0,0.00,0.00,,0.00,7.9,7,5.00,,,,www.evaair.com,,"$24,577",Fleet size,https://en.wikipedia.org/wiki/EVA_Air,Founded,https://en.wikipedia.org/wiki/EVA_Air,Full Loss Equivalents,http://www.airsafe.com/airline.htm,GDP per Capita (nominal),https://en.wikipedia.org/wiki/List_of_countries_by_GDP_(nominal)_per_capita,Airhelp score,https://www.airhelp.com/en/airhelp-score/airline-ranking/,Flight-report.com score,https://flight-report.com/en/ranking/economy,,
5.00,Never,4.52,4.32,4.67,,Qatar Airways,ğŸ‡¶ğŸ‡¦,Qatar,Middle East,1993,25,OneWorld,220,"15,583",16.25%,39.2,,,0 ,,,,0,0.00,0.00,,0.00,7.9,7,5.00,8.9,9.5,8.9,qatarairways.com,,"$59,324",Fleet size,https://en.wikipedia.org/wiki/Qatar_Airways,Founded,http://www.planecrashinfo.com/accidents.htm,Full Loss Equivalents,http://www.airsafe.com/airline.htm,GDP per Capita (nominal),https://en.wikipedia.org/wiki/List_of_countries_by_GDP_(nominal)_per_capita,Airhelp score,https://www.airhelp.com/en/airhelp-score/airline-ranking/,Flight-report.com score,https://flight-report.com/en/ranking/economy,Delays,https://www.flightstats.com/v2/monthly-performance-reports/airlines
5.00,Never,4.22,4.50,4.59,,Aegean Airlines,ğŸ‡¬ğŸ‡·,Greece,Europe,1987,31,Star Alliance,49,,,,,,0 ,,,,0,0.00,0.00,,0.00,7.5,7,5.00,9,8.3,7.4,aegeanair.com,,"$17,230",Fleet size,https://en.wikipedia.org/wiki/Aegean_Airlines,,,Full Loss Equivalents,http://www.airsafe.com/airline.htm,GDP per Capita (nominal),https://en.wikipedia.org/wiki/List_of_countries_by_GDP_(nominal)_per_capita,Airhelp score,https://www.airhelp.com/en/airhelp-score/airline-ranking/,Flight-report.com score,https://flight-report.com/en/ranking/economy,,
4.91,,4.36,4.20,4.55,,Singapore Airlines,ğŸ‡¸ğŸ‡¬,Singapore,Asia,1972,46,Star Alliance,116,"7,541",17.02%,35.9,,,0 ,"7,795,896 ","3,560",years,2,1.50,0.03,2000,12.93,8.5,7,5.00,8.5,9.8,6.8,singaporeair.com,,"$52,814",Fleet size,https://en.wikipedia.org/wiki/Singapore_Airlines_fleet,Founded,http://www.planecrashinfo.com/accidents.htm,Full Loss Equivalents,http://www.airsafe.com/airline.htm,GDP per Capita (nominal),https://en.wikipedia.org/wiki/List_of_countries_by_GDP_(nominal)_per_capita,Airhelp score,https://www.airhelp.com/en/airhelp-score/airline-ranking/,Flight-report.com score,https://flight-report.com/en/ranking/economy,Delays,https://www.flightstats.com/v2/monthly-performance-reports/airlines
5.00,Never,4.09,4.19,4.47,,Qantas,ğŸ‡¦ğŸ‡º,Australia,Oceania,1920,48,OneWorld,127,"22,806",21.22%,43.1,,,0 ,,,,0,0.00,0.00,,0.00,7.7,7,4.38,8.9,8,7.5,qantas.com,,"$54,069",Fleet size,https://en.wikipedia.org/wiki/Qantas,Founded,http://www.planecrashinfo.com/accidents.htm,Full Loss Equivalents,http://www.airsafe.com/airline.htm,GDP per Capita (nominal),https://en.wikipedia.org/wiki/List_of_countries_by_GDP_(nominal)_per_capita,Airhelp score,https://www.airhelp.com/en/airhelp-score/airline-ranking/,Flight-report.com score,https://flight-report.com/en/ranking/economy,Delays,https://www.flightstats.com/v2/monthly-performance-reports/airlines
5.00,Never,3.96,4.30,4.44,,Etihad Airways,ğŸ‡¦ğŸ‡ª,United Arab Emirates,Middle East,2003,15,,111,,,,,,0 ,,,,0,0.00,0.00,,0.00,7.9,7,3.13,8.6,9.3,7.5,etihadairways.com,,"$37,622",Fleet size,https://en.wikipedia.org/wiki/Etihad_Airways,Founded,https://en.wikipedia.org/wiki/Etihad_Airways,Full Loss Equivalents,http://www.airsafe.com/airline.htm,GDP per Capita (nominal),https://en.wikipedia.org/wiki/List_of_countries_by_GDP_(nominal)_per_capita,Airhelp score,https://www.airhelp.com/en/airhelp-score/airline-ranking/,Flight-report.com score,https://flight-report.com/en/ranking/economy,,
4.84,,4.04,,4.44,,Air New Zealand,ğŸ‡³ğŸ‡¿,New Zealand,Oceania,1965,48,Star Alliance,61,,,,,,0 ,"4,277,808 ","1,953",years,2,1.50,0.03,1979,24.59,7.4,7,4.38,,,,airnewzealand.com,,"$40,233",Flet,https://www.planespotters.net/airline/Air-New-Zealand,Founded,http://www.planecrashinfo.com/accidents.htm,Full Loss Equivalents,http://www.airsafe.com/airline.htm,GDP per Capita (nominal),https://en.wikipedia.org/wiki/List_of_countries_by_GDP_(nominal)_per_capita,Airhelp score,https://www.airhelp.com/en/airhelp-score/airline-ranking/,Flight-report.com score,https://flight-report.com/en/ranking/economy,,
4.89,,4.01,4.33,4.42,,KLM,ğŸ‡³ğŸ‡±,Netherlands,Europe,1919,48,Sky Team,117,"22,923",11.66%,34.1,,,0 ,"6,344,054 ","2,897",years,3,1.94,0.04,1994,16.58,7.3,7,4.38,8.5,8,7.5,klm.com,,"$45,753",Fleet size,https://www.mro-network.com/maintenance-repair-overhaul/top-20-european-airlines-fleet-size/gallery?slide=2,Founded,http://www.planecrashinfo.com/accidents.htm,Full Loss Equivalents,http://www.airsafe.com/airline.htm,GDP per Capita (nominal),https://en.wikipedia.org/wiki/List_of_countries_by_GDP_(nominal)_per_capita,Airhelp score,https://www.airhelp.com/en/airhelp-score/airline-ranking/,Flight-report.com score,https://flight-report.com/en/ranking/economy,Delays,https://www.flightstats.com/v2/monthly-performance-reports/airlines
5.00,Never,3.98,4.08,4.41,,Austrian Airlines,ğŸ‡¦ğŸ‡¹,Austria,Europe,1957,48,Star Alliance,85,"12,554",16.85%,33.4,,,0 ,,,,0,0.00,0.00,,0.00,7.4,7,3.75,8,8,8.9,austrianairlines.com,,"$44,857",Fleet size,https://www.mro-network.com/maintenance-repair-overhaul/top-20-european-airlines-fleet-size/gallery?slide=2,Founded,http://www.planecrashinfo.com/accidents.htm,Full Loss Equivalents,http://www.airsafe.com/airline.htm,GDP per Capita (nominal),https://en.wikipedia.org/wiki/List_of_countries_by_GDP_(nominal)_per_capita,Airhelp score,https://www.airhelp.com/en/airhelp-score/airline-ranking/,Flight-report.com score,https://flight-report.com/en/ranking/economy,Delays,https://www.flightstats.com/v2/monthly-performance-reports/airlines
5.00,Never,3.96,4.07,4.40,,Emirates,ğŸ‡¦ğŸ‡ª,United Arab Emirates,Middle East,1985,33,,244,"16,504",15.17%,37.1,,,0 ,,,,0,0.00,0.00,,0.00,8.3,7,3.75,7.8,8.3,7.7,emirates.com,,"$37,622",Fleet size,https://www.emirates.com/media-centre/emirates-announces-ambitious-fleet-retirement-schedule-for-2016-to-be-distributed-in-30-minutes,Founded,http://www.planecrashinfo.com/accidents.htm,Full Loss Equivalents,http://www.airsafe.com/airline.htm,GDP per Capita (nominal),https://en.wikipedia.org/wiki/List_of_countries_by_GDP_(nominal)_per_capita,Airhelp score,https://www.airhelp.com/en/airhelp-score/airline-ranking/,Flight-report.com score,https://flight-report.com/en/ranking/economy,Delays,https://www.flightstats.com/v2/monthly-performance-reports/airlines
4.90,,3.94,4.25,4.38,,South African Airways,ğŸ‡¿ğŸ‡¦,South Africa,Africa,1934,48,Star Alliance,64,,,,,,0 ,"6,732,288 ","3,074",years,1,1.00,0.02,1987,15.63,6.9,7,3.75,8.5,7.8,8.7,flysaa.com,,"$5,105",Fleet size,https://en.wikipedia.org/wiki/South_African_Airways,Founded,http://www.planecrashinfo.com/accidents.htm,Full Loss Equivalents,http://www.airsafe.com/airline.htm,GDP per Capita (nominal),https://en.wikipedia.org/wiki/List_of_countries_by_GDP_(nominal)_per_capita,Airhelp score,https://www.airhelp.com/en/airhelp-score/airline-ranking/,Flight-report.com score,https://flight-report.com/en/ranking/economy,,
5.00,Never,3.75,,4.38,,Shandong Airlines,ğŸ‡¨ğŸ‡³,China,Asia,1994,24,,116,,,,,,0 ,,,,0,0.00,0.00,,0.00,,7,3.75,,,,sda.cn,,"$8,126",Fleet size,https://en.wikipedia.org/wiki/Shandong_Airlines,Founded,https://en.wikipedia.org/wiki/Shandong_Airlines,Full Loss Equivalents,http://www.airsafe.com/airline.htm,GDP per Capita (nominal),https://en.wikipedia.org/wiki/List_of_countries_by_GDP_(nominal)_per_capita,Airhelp score,https://www.airhelp.com/en/airhelp-score/airline-ranking/,,,,
5.00,Never,3.75,,4.38,,Sichuan Airlines,ğŸ‡¨ğŸ‡³,China,Asia,1986,32,,145,,,,,,0 ,,,,0,0.00,0.00,,0.00,,7,3.75,,,,sichuanair.com,,"$8,126",Fleet size,https://en.wikipedia.org/wiki/Sichuan_Airlines,Founded,https://en.wikipedia.org/wiki/Sichuan_Airlines,Full Loss Equivalents,http://www.airsafe.com/airline.htm,GDP per Capita (nominal),https://en.wikipedia.org/wiki/List_of_countries_by_GDP_(nominal)_per_capita,Airhelp score,https://www.airhelp.com/en/airhelp-score/airline-ranking/,,,,
5.00,Never,3.75,,4.38,,Eastar Jet,ğŸ‡°ğŸ‡·,South Korea,Asia,2007,11,U-FLY,19,,,,,,0 ,,,,0,0.00,0.00,,0.00,,7,3.75,,,,eastarjet.com,,,Fleet size,https://en.wikipedia.org/wiki/Eastar_Jet,Founded,https://en.wikipedia.org/wiki/Eastar_Jet,,,,,Airhelp score,https://www.airhelp.com/en/airhelp-score/airline-ranking/,,,,
5.00,Never,3.83,4.20,4.37,,Aer Lingus,ğŸ‡®ğŸ‡ª,Ireland,Europe,1936,48,,56,,,,,,0 ,,,,0,0.00,0.00,,0.00,5.8,7,4.38,8.4,8,7.3,aerlingus.com,,"$64,497",,,,,Full Loss Equivalents,http://www.airsafe.com/airline.htm,GDP per Capita (nominal),https://en.wikipedia.org/wiki/List_of_countries_by_GDP_(nominal)_per_capita,Airhelp score,https://www.airhelp.com/en/airhelp-score/airline-ranking/,Flight-report.com score,https://flight-report.com/en/ranking/economy,,
5.00,Never,3.79,4.05,4.33,,Virgin Atlantic,ğŸ‡¬ğŸ‡§,United Kingdom,Europe,1984,34,,48,"1,978",20.00%,41.4,,,0 ,,,,0,0.00,0.00,,0.00,,7,3.13,8.2,8,7.9,virginatlantic.com,,"$40,249",,,Founded,http://www.planecrashinfo.com/accidents.htm,Full Loss Equivalents,http://www.airsafe.com/airline.htm,GDP per Capita (nominal),https://en.wikipedia.org/wiki/List_of_countries_by_GDP_(nominal)_per_capita,Airhelp score,https://www.airhelp.com/en/airhelp-score/airline-ranking/,,,Delays,https://www.flightstats.com/v2/monthly-performance-reports/airlines
4.98,,3.99,3.70,4.33,,China Southern Airlines,ğŸ‡¨ğŸ‡³,China,Asia,1988,30,Sky Team,545,,,,,,0 ,"18,565,298 ","8,477",years,3,1.93,0.06,2002,3.54,6.9,7,5.00,7.4,7.8,7.8,csair.com,,"$8,126",,,Founded,http://www.planecrashinfo.com/accidents.htm,Full Loss Equivalents,http://www.airsafe.com/airline.htm,GDP per Capita (nominal),https://en.wikipedia.org/wiki/List_of_countries_by_GDP_(nominal)_per_capita,Airhelp score,https://www.airhelp.com/en/airhelp-score/airline-ranking/,Flight-report.com score,https://flight-report.com/en/ranking/economy,,
5.00,,3.84,3.80,4.29,,El Al,ğŸ‡®ğŸ‡±,Israel,Middle East,1948,48,,46,"2,930",29.13%,49.9,,,0 ,"483,883,200 ","220,951",years,1,0.01,0.00,1977,0.22,8.3,7,3.13,8.1,6.3,9.4,elal.com,,"$38,788",Fleet size,https://en.wikipedia.org/wiki/El_Al,Founded,http://www.planecrashinfo.com/accidents.htm,Full Loss Equivalents,http://www.airsafe.com/airline.htm,GDP per Capita (nominal),https://en.wikipedia.org/wiki/List_of_countries_by_GDP_(nominal)_per_capita,Airhelp score,https://www.airhelp.com/en/airhelp-score/airline-ranking/,Flight-report.com score,https://flight-report.com/en/ranking/economy,Delays,https://www.flightstats.com/v2/monthly-performance-reports/airlines
4.98,,3.75,3.97,4.29,,LATAM (prev LAN Chile),ğŸ‡¨ğŸ‡±,Chile,Latin America,1929,48,OneWorld,123,"40,430",19.40%,41.4,,,0 ,"38,054,753 ","17,377",years,2,0.34,0.01,1991,2.76,6.6,7,3.75,7.8,6.3,9.3,latam.com,,"$13,794",Fleet size,https://en.wikipedia.org/wiki/LATAM_Chile,Founded,http://www.planecrashinfo.com/accidents.htm,Full Loss Equivalents,http://www.airsafe.com/airline.htm,GDP per Capita (nominal),https://en.wikipedia.org/wiki/List_of_countries_by_GDP_(nominal)_per_capita,Airhelp score,https://www.airhelp.com/en/airhelp-score/airline-ranking/,Flight-report.com score,https://flight-report.com/en/ranking/economy,Delays,https://www.flightstats.com/v2/monthly-performance-reports/airlines
4.68,,3.74,4.60,4.28,,Kenya Airways,ğŸ‡°ğŸ‡ª,Kenya,Africa,1977,41,Sky Team,40,,,,,,0 ,"1,848,669 ",844,years,2,1.94,0.05,2007,48.60,7.7,7,3.13,9.2,6.3,7.9,kenyaairways.com,,"$1,455",Fleet size,https://en.wikipedia.org/wiki/Kenya_Airways,Founded,http://www.planecrashinfo.com/accidents.htm,Full Loss Equivalents,http://www.airsafe.com/airline.htm,GDP per Capita (nominal),https://en.wikipedia.org/wiki/List_of_countries_by_GDP_(nominal)_per_capita,Airhelp score,https://www.airhelp.com/en/airhelp-score/airline-ranking/,Flight-report.com score,https://flight-report.com/en/ranking/economy,,
5.00,Never,3.50,4.40,4.28,,Wizz Air,ğŸ‡­ğŸ‡º,Hungary,Europe,2003,15,,66,,,,,,0 ,,,,0,0.00,0.00,,0.00,6.1,7,2.50,8.8,6,9.1,wizzair.com,,"$12,900",Fleet size,https://www.mro-network.com/maintenance-repair-overhaul/top-20-european-airlines-fleet-size/gallery?slide=2,,,Full Loss Equivalents,http://www.airsafe.com/airline.htm,GDP per Capita (nominal),https://en.wikipedia.org/wiki/List_of_countries_by_GDP_(nominal)_per_capita,Airhelp score,https://www.airhelp.com/en/airhelp-score/airline-ranking/,Flight-report.com score,https://flight-report.com/en/ranking/economy,,
4.96,,3.60,,4.28,,Alaska Airlines,ğŸ‡ºğŸ‡¸,United States,North America,1944,48,,320,,,,,,0 ,"16,664,079 ","7,609",years,3,2.02,0.04,2000,6.31,6.9,7,3.75,,,,alaskaair.com,,"$57,808",Fleet size,https://en.wikipedia.org/wiki/Alaska_Airlines,Founded,http://www.planecrashinfo.com/accidents.htm,Full Loss Equivalents,http://www.airsafe.com/airline.htm,GDP per Capita (nominal),https://en.wikipedia.org/wiki/List_of_countries_by_GDP_(nominal)_per_capita,Airhelp score,https://www.airhelp.com/en/airhelp-score/airline-ranking/,Flight-report.com score,https://flight-report.com/en/ranking/economy,,
4.77,,4.00,3.80,4.27,,Garuda Indonesia,ğŸ‡®ğŸ‡©,Indonesia,Asia,1950,48,Sky Team,143,,,,,,0 ,"3,038,880 ","1,388",years,9,4.95,0.10,2007,34.62,7.8,7,5.00,7.6,9.8,4.8,garuda-indonesia.com,,"$3,570",Fleet size,https://en.wikipedia.org/wiki/Garuda_Indonesia,Founded,http://www.planecrashinfo.com/accidents.htm,Full Loss Equivalents,http://www.airsafe.com/airline.htm,GDP per Capita (nominal),https://en.wikipedia.org/wiki/List_of_countries_by_GDP_(nominal)_per_capita,Airhelp score,https://www.airhelp.com/en/airhelp-score/airline-ranking/,Flight-report.com score,https://flight-report.com/en/ranking/economy,,
4.52,Never,4.00,,4.26,,Air Astana,ğŸ‡°ğŸ‡¿,Kazakhstan,Asia,2001,17,,33,,,,,,0 ,,,,0,0.00,0.00,,0.00,,5,4.00,,,,airastana.com,,,,,,,,,,,Airhelp score,https://www.airhelp.com/en/airhelp-score/airline-ranking/,,,,
5.00,Never,3.58,4.13,4.26,,Flybe,ğŸ‡¬ğŸ‡§,United Kingdom,Europe,1979,39,,78,"16,654",19.84%,46,,,0 ,,,,0,0.00,0.00,,0.00,6.9,7,2.50,8.5,6.3,9.1,flybe.com,,"$40,249",Fleet size,https://www.mro-network.com/maintenance-repair-overhaul/top-20-european-airlines-fleet-size/gallery?slide=2,,,Full Loss Equivalents,http://www.airsafe.com/airline.htm,GDP per Capita (nominal),https://en.wikipedia.org/wiki/List_of_countries_by_GDP_(nominal)_per_capita,Airhelp score,https://www.airhelp.com/en/airhelp-score/airline-ranking/,Flight-report.com score,https://flight-report.com/en/ranking/economy,Delays,https://www.flightstats.com/v2/monthly-performance-reports/airlines
4.78,,3.94,3.82,4.25,,Swiss,ğŸ‡¨ğŸ‡­,Switzerland,Europe,1931,48,Star Alliance,62,"13,218",23.15%,33.1,,,0 ,"3,119,171 ","1,424",years,3,2.09,0.04,1998,33.72,7.6,7,4.38,7.6,8,7.4,swiss.com,,"$79,609",Fleet size,https://www.mro-network.com/maintenance-repair-overhaul/top-20-european-airlines-fleet-size/gallery?slide=2,Founded,http://www.planecrashinfo.com/accidents.htm,Full Loss Equivalents,https://en.wikipedia.org/wiki/Swissair#Accidents_and_incidents,GDP per Capita (nominal),https://en.wikipedia.org/wiki/List_of_countries_by_GDP_(nominal)_per_capita,Airhelp score,https://www.airhelp.com/en/airhelp-score/airline-ranking/,Flight-report.com score,https://flight-report.com/en/ranking/economy,Delays,https://www.flightstats.com/v2/monthly-performance-reports/airlines
4.72,,3.75,,4.24,,AtlasGlobal,ğŸ‡¹ğŸ‡·,Turkey,Middle East,2001,17,,24,,,,,,0 ,"894,132 ",408,years,1,1.00,0.06,2007,41.67,,7,3.75,,,,atlasglobal.com,,"$10,863",Fleet size,https://www.planespotters.net/airline/AtlasGlobal,,,Full Loss Equivalents,http://www.airsafe.com/airline.htm,GDP per Capita (nominal),https://en.wikipedia.org/wiki/List_of_countries_by_GDP_(nominal)_per_capita,Airhelp score,https://www.airhelp.com/en/airhelp-score/airline-ranking/,,,,
4.97,,3.71,3.81,4.23,,British Airways,ğŸ‡¬ğŸ‡§,United Kingdom,Europe,1974,44,OneWorld,268,"32,403",24.45%,41.4,,,0 ,"18,458,691 ","8,429",years,3,1.40,0.03,1985,5.22,7.2,7,3.13,7.7,7.8,8.1,ba.com,,"$40,249",Fleet size,https://www.mro-network.com/maintenance-repair-overhaul/top-20-european-airlines-fleet-size/gallery?slide=2,Founded,http://www.planecrashinfo.com/accidents.htm,Full Loss Equivalents,http://www.airsafe.com/airline.htm,GDP per Capita (nominal),https://en.wikipedia.org/wiki/List_of_countries_by_GDP_(nominal)_per_capita,Airhelp score,https://www.airhelp.com/en/airhelp-score/airline-ranking/,Flight-report.com score,https://flight-report.com/en/ranking/economy,Delays,https://www.flightstats.com/v2/monthly-performance-reports/airlines
4.93,,3.61,3.89,4.19,,Saudia,ğŸ‡¸ğŸ‡¦,Saudi Arabia,Middle East,1945,48,Sky Team,185,"16,965",25.54%,45.9,,,0 ,"9,681,851 ","4,421",years,4,2.01,0.04,2005,10.86,6.7,7,3.75,8.1,7.8,6,saudia.com,,"$19,817",Fleet size,https://www.planespotters.net/airline/Saudi-Arabian-Airlines,Founded,http://www.planecrashinfo.com/accidents.htm,Full Loss Equivalents,http://www.airsafe.com/airline.htm,GDP per Capita (nominal),https://en.wikipedia.org/wiki/List_of_countries_by_GDP_(nominal)_per_capita,Airhelp score,https://www.airhelp.com/en/airhelp-score/airline-ranking/,Flight-report.com score,https://flight-report.com/en/ranking/economy,Delays,https://www.flightstats.com/v2/monthly-performance-reports/airlines
4.51,,3.88,,4.19,,China Airlines Taiwan,ğŸ‡¹ğŸ‡¼,Taiwan,Asia,1959,48,Sky Team,87,,,,,,0 ,"1,421,072 ",649,years,10,6.44,0.13,2002,74.02,8,7,3.75,,,,,,"$8,126",Fleet size,https://www.planespotters.net/airline/China-Airlines,Founded,http://www.planecrashinfo.com/accidents.htm,Full Loss Equivalents,http://www.airsafe.com/airline.htm,GDP per Capita (nominal),https://en.wikipedia.org/wiki/List_of_countries_by_GDP_(nominal)_per_capita,Airhelp score,https://www.airhelp.com/en/airhelp-score/airline-ranking/,Flight-report.com score,https://flight-report.com/en/ranking/economy,,
5.00,Never,3.53,3.90,4.19,,Icelandair,ğŸ‡®ğŸ‡¸,Iceland,Europe,1950,48,A4E,35,,,,,,0 ,,,,0,0.00,0.00,,0.00,6.9,7,3.13,7.8,6.3,8,icelandair.com,,"$60,966",Fleet size,https://en.wikipedia.org/wiki/Icelandair,Founded,http://www.planecrashinfo.com/accidents.htm,Full Loss Equivalents,http://www.airsafe.com/airline.htm,GDP per Capita (nominal),https://en.wikipedia.org/wiki/List_of_countries_by_GDP_(nominal)_per_capita,Airhelp score,https://www.airhelp.com/en/airhelp-score/airline-ranking/,Flight-report.com score,https://flight-report.com/en/ranking/economy,,
4.97,,3.39,4.22,4.19,,Delta Air Lines,ğŸ‡ºğŸ‡¸,United States,North America,1929,48,Sky Team,850,"161,476",12.21%,59.9,,,0 ,"21,088,019 ","9,629",years,7,4.24,0.09,2006,4.99,6.9,7,2.50,8.1,6.5,7.4,delta.com,,"$57,808",,,Founded,http://www.planecrashinfo.com/accidents.htm,Full Loss Equivalents,http://www.airsafe.com/airline.htm,GDP per Capita (nominal),https://en.wikipedia.org/wiki/List_of_countries_by_GDP_(nominal)_per_capita,Airhelp score,https://www.airhelp.com/en/airhelp-score/airline-ranking/,Flight-report.com score,https://flight-report.com/en/ranking/economy,Delays,https://www.flightstats.com/v2/monthly-performance-reports/airlines
4.61,,3.75,,4.18,,Gulf Air,ğŸ‡§ğŸ‡­,Bahrain,Middle East,1950,48,,33,,,,,,0 ,"1,780,172 ",813,years,2,1.95,0.04,2000,59.09,,7,3.75,,,,gulfair.com,,"$22,579",Fleet size,https://en.wikipedia.org/wiki/Gulf_Air,Founded,https://en.wikipedia.org/wiki/Gulf_Air,Full Loss Equivalents,http://www.airsafe.com/airline.htm,GDP per Capita (nominal),https://en.wikipedia.org/wiki/List_of_countries_by_GDP_(nominal)_per_capita,Airhelp score,https://www.airhelp.com/en/airhelp-score/airline-ranking/,,,,
4.97,,4.35,2.20,4.17,,ANA Japan,ğŸ‡¯ğŸ‡µ,Japan,Asia,1958,48,Star Alliance,232,"29,599",11.98%,32.9,,,0 ,"24,404,544 ","11,144",years,1,1.00,0.02,1971,4.31,7.4,7,5.00,,,,ana.co.jp,,"$38,640",Fleet size,https://en.wikipedia.org/wiki/All_Nippon_Airways,Founded,http://www.planecrashinfo.com/accidents.htm,Full Loss Equivalents,http://www.airsafe.com/airline.htm,GDP per Capita (nominal),https://en.wikipedia.org/wiki/List_of_countries_by_GDP_(nominal)_per_capita,Airhelp score,https://www.airhelp.com/en/airhelp-score/airline-ranking/,Flight-report.com score,https://flight-report.com/en/ranking/economy,Delays,https://www.flightstats.com/v2/monthly-performance-reports/airlines
4.94,,3.56,3.83,4.17,,SAS Scandinavia,ğŸ‡¸ğŸ‡ª,Sweden,Europe,1946,48,Star Alliance,121,"27,855",18.87%,35.3,,,0 ,"12,728,232 ","5,812",years,2,1.00,0.02,2001,8.26,6.4,7,3.13,7.2,6.5,9.2,sas.se,,"$50,687",Fleet size,https://www.mro-network.com/maintenance-repair-overhaul/top-20-european-airlines-fleet-size/gallery?slide=2,Founded,http://www.planecrashinfo.com/accidents.htm,Full Loss Equivalents,http://www.airsafe.com/airline.htm,GDP per Capita (nominal),https://en.wikipedia.org/wiki/List_of_countries_by_GDP_(nominal)_per_capita,Airhelp score,https://www.airhelp.com/en/airhelp-score/airline-ranking/,Flight-report.com score,https://flight-report.com/en/ranking/economy,Delays,https://www.flightstats.com/v2/monthly-performance-reports/airlines
4.58,,3.75,,4.16,,Philippine Air Lines,ğŸ‡µğŸ‡­,Philippines,Asia,1941,48,,67,,,,,,0 ,"1,666,162 ",761,years,8,4.23,0.09,1994,63.13,,7,3.75,,,,philippineairlines.com,,"$2,951",Fleet size,https://en.wikipedia.org/wiki/Philippine_Airlines,Founded,http://www.planecrashinfo.com/accidents.htm,Full Loss Equivalents,http://www.airsafe.com/airline.htm,GDP per Capita (nominal),https://en.wikipedia.org/wiki/List_of_countries_by_GDP_(nominal)_per_capita,Airhelp score,https://www.airhelp.com/en/airhelp-score/airline-ranking/,,,,
5.00,Never,3.66,3.50,4.16,,Finnair,ğŸ‡«ğŸ‡®,Finland,Europe,1923,48,OneWorld,79,,,,,,0 ,,,,0,0.00,0.00,,0.00,7,7,3.75,7,8,7.1,finnair.com,,"$43,339",Fleet size,https://en.wikipedia.org/wiki/Finnair,Founded,https://en.wikipedia.org/wiki/Finnair,Full Loss Equivalents,http://www.airsafe.com/airline.htm,GDP per Capita (nominal),https://en.wikipedia.org/wiki/List_of_countries_by_GDP_(nominal)_per_capita,Airhelp score,https://www.airhelp.com/en/airhelp-score/airline-ranking/,Flight-report.com score,https://flight-report.com/en/ranking/economy,,
4.85,,3.48,,4.16,,Vietnam Airlines,ğŸ‡»ğŸ‡³,Vietnam,Asia,1989,29,Sky Team,86,,,,,,0 ,"2,817,320 ","1,286",years,2,1.94,0.07,1997,22.56,6.4,7,3.75,,,,vietnamair.com,,"$2,171",Fleet size,https://en.wikipedia.org/wiki/Vietnam_Airlines,Founded,http://www.planecrashinfo.com/accidents.htm,Full Loss Equivalents,http://www.airsafe.com/airline.htm,GDP per Capita (nominal),https://en.wikipedia.org/wiki/List_of_countries_by_GDP_(nominal)_per_capita,Airhelp score,https://www.airhelp.com/en/airhelp-score/airline-ranking/,Flight-report.com score,https://flight-report.com/en/ranking/economy,,
5.00,Never,3.31,,4.16,,Shanghai Airlines,ğŸ‡¨ğŸ‡³,China,Asia,1985,33,Sky Team,102,,,,,,0 ,,,,0,0.00,0.00,,0.00,7,7,3.13,,,,shanghaiairlines.com,,"$8,126",Fleet size,https://en.wikipedia.org/wiki/Shanghai_Airlines,Founded,https://en.wikipedia.org/wiki/Shanghai_Airlines,Full Loss Equivalents,http://www.airsafe.com/airline.htm,GDP per Capita (nominal),https://en.wikipedia.org/wiki/List_of_countries_by_GDP_(nominal)_per_capita,Airhelp score,https://www.airhelp.com/en/airhelp-score/airline-ranking/,Flight-report.com score,https://flight-report.com/en/ranking/economy,,
4.64,,3.76,3.95,4.15,,Aeromexico,ğŸ‡²ğŸ‡½,Mexico,Latin America,1972,46,Sky Team,71,,,,,,0 ,"1,883,537 ",860,years,4,3.80,0.08,1986,53.52,7.9,7,3.13,7.9,6.3,9.2,aeromexico.com,,"$8,444",,,Founded,http://www.planecrashinfo.com/accidents.htm,Full Loss Equivalents,http://www.airsafe.com/airline.htm,GDP per Capita (nominal),https://en.wikipedia.org/wiki/List_of_countries_by_GDP_(nominal)_per_capita,Airhelp score,https://www.airhelp.com/en/airhelp-score/airline-ranking/,Flight-report.com score,https://flight-report.com/en/ranking/economy,,
4.93,,3.40,4.00,4.13,,American Airlines,ğŸ‡ºğŸ‡¸,United States,North America,1930,48,OneWorld,950,"195,238",18.07%,61,,,0 ,"9,913,929 ","4,527",years,13,10.08,0.21,2004,10.61,6.6,7,1.88,7.8,6.3,9.5,aa.com,,"$57,808",,,Founded,http://www.planecrashinfo.com/accidents.htm,Full Loss Equivalents,http://www.airsafe.com/airline.htm,GDP per Capita (nominal),https://en.wikipedia.org/wiki/List_of_countries_by_GDP_(nominal)_per_capita,Airhelp score,https://www.airhelp.com/en/airhelp-score/airline-ranking/,Flight-report.com score,https://flight-report.com/en/ranking/economy,Delays,https://www.flightstats.com/v2/monthly-performance-reports/airlines
4.30,,4.18,3.69,4.13,,Lufthansa,ğŸ‡©ğŸ‡ª,Germany,Europe,1926,48,Star Alliance,265,"49,140",28.50%,34,,,0 ,"19,770,128 ","9,027",years,3,1.41,0.03,2010,5.32,7.3,7,4.38,7.6,9.5,8.6,lufthansa.com,,"$42,456",Fleet size,https://www.mro-network.com/maintenance-repair-overhaul/top-20-european-airlines-fleet-size/gallery?slide=2,Founded,http://www.planecrashinfo.com/accidents.htm,Full Loss Equivalents,http://www.airsafe.com/airline.htm,GDP per Capita (nominal),https://en.wikipedia.org/wiki/List_of_countries_by_GDP_(nominal)_per_capita,Airhelp score,https://www.airhelp.com/en/airhelp-score/airline-ranking/,Flight-report.com score,https://flight-report.com/en/ranking/economy,Delays,https://www.flightstats.com/v2/monthly-performance-reports/airlines
4.94,,3.32,4.02,4.11,,United Airlines,ğŸ‡ºğŸ‡¸,United States,North America,1934,48,Star Alliance,745,"151,675",18.31%,61.9,,,0 ,"11,714,206 ","5,349",years,11,6.69,0.14,2001,8.98,6.6,7,1.88,7.9,6,8.9,united.com,,"$57,808",,,Founded,http://www.planecrashinfo.com/accidents.htm,Full Loss Equivalents,http://www.airsafe.com/airline.htm,GDP per Capita (nominal),https://en.wikipedia.org/wiki/List_of_countries_by_GDP_(nominal)_per_capita,Airhelp score,https://www.airhelp.com/en/airhelp-score/airline-ranking/,Flight-report.com score,https://flight-report.com/en/ranking/economy,Delays,https://www.flightstats.com/v2/monthly-performance-reports/airlines
4.87,,3.63,3.51,4.10,,Korean Air,ğŸ‡°ğŸ‡·,South Korea,Asia,1984,34,Sky Team,173,"13,144",23.43%,29.6,,,0 ,"3,847,881 ","1,757",years,7,3.35,0.10,1997,19.36,7.9,7,5.00,6.4,8.3,3.7,koreanair.com,1.00,"$27,785",Fleet size,https://en.wikipedia.org/wiki/Korean_Air,Founded,http://www.planecrashinfo.com/accidents.htm,Full Loss Equivalents,http://www.airsafe.com/airline.htm,GDP per Capita (nominal),https://en.wikipedia.org/wiki/List_of_countries_by_GDP_(nominal)_per_capita,Airhelp score,https://www.airhelp.com/en/airhelp-score/airline-ranking/,Flight-report.com score,https://flight-report.com/en/ranking/economy,Delays,https://www.flightstats.com/v2/monthly-performance-reports/airlines
5.00,Never,3.51,3.50,4.10,,WestJet Airlines,ğŸ‡¨ğŸ‡¦,Canada,North America,1995,23,,122,"22,073",21.88%,47,,,0 ,,,,0,0.00,0.00,,0.00,6.6,7,3.13,6.2,6.5,9.5,westjet.com,,"$42,154",,,Founded,http://www.planecrashinfo.com/accidents.htm,Full Loss Equivalents,http://www.airsafe.com/airline.htm,GDP per Capita (nominal),https://en.wikipedia.org/wiki/List_of_countries_by_GDP_(nominal)_per_capita,Airhelp score,https://www.airhelp.com/en/airhelp-score/airline-ranking/,Flight-report.com score,https://flight-report.com/en/ranking/economy,Delays,https://www.flightstats.com/v2/monthly-performance-reports/airlines
4.85,,3.54,3.73,4.10,,Avianca,ğŸ‡¨ğŸ‡´,Colombia,Latin America,1933,48,Star Alliance,173,"22,226",24.83%,51.1,,,0 ,"4,763,931 ","2,175",years,4,3.82,0.08,1990,22.08,7.4,7,3.13,7.4,6.5,7.8,avianca.com,,"$5,806",Fleet size,https://en.wikipedia.org/wiki/Avianca,Founded,http://www.planecrashinfo.com/accidents.htm,Full Loss Equivalents,http://www.airsafe.com/airline.htm,GDP per Capita (nominal),https://en.wikipedia.org/wiki/List_of_countries_by_GDP_(nominal)_per_capita,Airhelp score,https://www.airhelp.com/en/airhelp-score/airline-ranking/,Flight-report.com score,https://flight-report.com/en/ranking/economy,Delays,https://www.flightstats.com/v2/monthly-performance-reports/airlines
4.87,,4.24,2.24,4.09,,Japan Airlines JAL,ğŸ‡¯ğŸ‡µ,Japan,Asia,1953,48,OneWorld,164,"25,762",10.54%,31.7,,,0 ,"5,211,930 ","2,380",years,5,3.31,0.07,1985,20.18,8.2,7,4.38,,,,jal.co.jp,,"$38,640",Fleet size,https://en.wikipedia.org/wiki/Japan_Airlines,Founded,http://www.planecrashinfo.com/accidents.htm,Full Loss Equivalents,http://www.airsafe.com/airline.htm,GDP per Capita (nominal),https://en.wikipedia.org/wiki/List_of_countries_by_GDP_(nominal)_per_capita,Airhelp score,https://www.airhelp.com/en/airhelp-score/airline-ranking/,Flight-report.com score,https://flight-report.com/en/ranking/economy,Delays,https://www.flightstats.com/v2/monthly-performance-reports/airlines
5.00,Never,3.09,4.25,4.09,,Transavia,ğŸ‡³ğŸ‡±,Netherlands,Europe,,48,,,,,,,,0 ,,,,,,,,,7.2,7,,8.5,6.3,8.9,,,,,,,,,,,,,,Flight-report.com score,https://flight-report.com/en/ranking/economy,,
5.00,Never,3.13,,4.06,,Shenzhen Airlines,ğŸ‡¨ğŸ‡³,China,Asia,1992,26,Star Alliance,190,,,,,,0 ,,,,0,0.00,0.00,,0.00,,7,3.13,,,,shenzhenair.com,,"$8,126",,,Founded,http://www.planecrashinfo.com/accidents.htm,Full Loss Equivalents,http://www.airsafe.com/airline.htm,GDP per Capita (nominal),https://en.wikipedia.org/wiki/List_of_countries_by_GDP_(nominal)_per_capita,Airhelp score,https://www.airhelp.com/en/airhelp-score/airline-ranking/,,,,
5.00,Never,3.13,,4.06,,Hawaiian Airlines,ğŸ‡ºğŸ‡¸,United States,North America,1929,48,,66,,,,,,0 ,,,,0,0.00,0.00,,0.00,,7,3.13,,,,hawaiianairlines.com,,"$57,808",Fleet size,https://en.wikipedia.org/wiki/Hawaiian_Airlines,Founded,http://www.planecrashinfo.com/accidents.htm,Full Loss Equivalents,http://www.airsafe.com/airline.htm,GDP per Capita (nominal),https://en.wikipedia.org/wiki/List_of_countries_by_GDP_(nominal)_per_capita,Airhelp score,https://www.airhelp.com/en/airhelp-score/airline-ranking/,,,,
4.95,,4.21,1.95,4.05,,Cathay Pacific,ğŸ‡­ğŸ‡°,Hong Kong,Asia,1946,48,OneWorld,128,"8,313",22.12%,51,,,0 ,"13,464,576 ","6,148",years,1,1.00,0.02,1972,7.81,8.1,7,4.38,,,,cathaypacific.com,,"$43,943",Fleet size,https://en.wikipedia.org/wiki/Cathay_Pacific_fleet,Founded,http://www.planecrashinfo.com/accidents.htm,Full Loss Equivalents,http://www.airsafe.com/airline.htm,GDP per Capita (nominal),https://en.wikipedia.org/wiki/List_of_countries_by_GDP_(nominal)_per_capita,Airhelp score,https://www.airhelp.com/en/airhelp-score/airline-ranking/,Flight-report.com score,https://flight-report.com/en/ranking/economy,Delays,https://www.flightstats.com/v2/monthly-performance-reports/airlines
4.88,,3.13,4.25,4.05,,Aerolineas Argentinas,ğŸ‡¦ğŸ‡·,Argentina,Latin America,1950,48,Sky Team,58,,,,,,0 ,"6,040,729 ","2,758",years,2,1.01,0.02,1992,17.41,6.4,7,3.13,8.5,6.5,3.6,aerolineasargentinas.com,,"$12,449",Fleet size,https://en.wikipedia.org/wiki/Aerol%C3%ADneas_Argentinas,Founded,https://en.wikipedia.org/wiki/Aerol%C3%ADneas_Argentinas,Full Loss Equivalents,http://www.airsafe.com/airline.htm,GDP per Capita (nominal),https://en.wikipedia.org/wiki/List_of_countries_by_GDP_(nominal)_per_capita,Airhelp score,https://www.airhelp.com/en/airhelp-score/airline-ranking/,Flight-report.com score,https://flight-report.com/en/ranking/economy,,
4.94,,3.57,3.24,4.05,,Air Canada,ğŸ‡¨ğŸ‡¦,Canada,North America,1964,48,Star Alliance,186,"49,367",25.57%,46.7,,,0 ,"12,383,362 ","5,655",years,3,1.58,0.03,1983,8.49,7.1,7,3.13,5.5,7.8,9,aircanada.com,,"$42,154",Fleet size,https://en.wikipedia.org/wiki/World%27s_largest_airlines#By_fleet_size,Founded,http://www.planecrashinfo.com/accidents.htm,Full Loss Equivalents,http://www.airsafe.com/airline.htm,GDP per Capita (nominal),https://en.wikipedia.org/wiki/List_of_countries_by_GDP_(nominal)_per_capita,Airhelp score,https://www.airhelp.com/en/airhelp-score/airline-ranking/,Flight-report.com score,https://flight-report.com/en/ranking/economy,Delays,https://www.flightstats.com/v2/monthly-performance-reports/airlines
4.97,,3.13,,4.05,,Xiamen Airlines,ğŸ‡¨ğŸ‡³,China,Asia,1984,34,Sky Team,171,,,,,,0 ,"15,926,726 ","7,272",years,1,0.80,0.02,1990,4.68,,7,3.13,,,,xiamenair.com,,"$8,126",Fleet size,https://en.wikipedia.org/wiki/XiamenAir,Founded,https://en.wikipedia.org/wiki/XiamenAir,Full Loss Equivalents,http://www.airsafe.com/airline.htm,GDP per Capita (nominal),https://en.wikipedia.org/wiki/List_of_countries_by_GDP_(nominal)_per_capita,Airhelp score,https://www.airhelp.com/en/airhelp-score/airline-ranking/,,,,
5.00,Never,3.56,3.10,4.04,,Air Transat,ğŸ‡¨ğŸ‡¦,Canada,North America,1986,32,,36,,,,,,0 ,,,,0,0.00,0.00,,0.00,7.1,7,3.13,6.2,6.3,9.7,airtransat.com,,"$42,154",Fleet size,https://en.wikipedia.org/wiki/Air_Transat,Founded,https://en.wikipedia.org/wiki/Air_Transat,Full Loss Equivalents,http://www.airsafe.com/airline.htm,GDP per Capita (nominal),https://en.wikipedia.org/wiki/List_of_countries_by_GDP_(nominal)_per_capita,Airhelp score,https://www.airhelp.com/en/airhelp-score/airline-ranking/,Flight-report.com score,https://flight-report.com/en/ranking/economy,,
4.29,Never,3.85,3.89,4.03,,Norwegian,ğŸ‡³ğŸ‡´,Norway,Europe,1993,25,A4E,74,"11,777",20.42%,42.7,,,0 ,,,,0,0.00,0.00,,0.00,7,4,3.75,7.6,7.8,8.6,norwegian.com,,"$70,617",Fleet size,https://www.mro-network.com/maintenance-repair-overhaul/top-20-european-airlines-fleet-size/gallery?slide=2,Founded,https://en.wikipedia.org/wiki/Norwegian_Air_Shuttle,Full Loss Equivalents,http://www.airsafe.com/airline.htm,GDP per Capita (nominal),https://en.wikipedia.org/wiki/List_of_countries_by_GDP_(nominal)_per_capita,Airhelp score,https://www.airhelp.com/en/airhelp-score/airline-ranking/,Flight-report.com score,https://flight-report.com/en/ranking/economy,Delays,https://www.flightstats.com/v2/monthly-performance-reports/airlines
4.70,,3.25,4.16,4.01,,Iberia,ğŸ‡ªğŸ‡¸,Spain,Europe,1940,48,OneWorld,81,"14,475",17.71%,40.6,,,0 ,"2,366,820 ","1,081",years,4,3.60,0.08,1985,44.44,6.5,7,3.75,8.4,7.8,2.3,iberia.com,,"$26,695",Fleet size,https://www.mro-network.com/maintenance-repair-overhaul/top-20-european-airlines-fleet-size/gallery?slide=2,Founded,http://www.planecrashinfo.com/accidents.htm,Full Loss Equivalents,http://www.airsafe.com/airline.htm,GDP per Capita (nominal),https://en.wikipedia.org/wiki/List_of_countries_by_GDP_(nominal)_per_capita,Airhelp score,https://www.airhelp.com/en/airhelp-score/airline-ranking/,Flight-report.com score,https://flight-report.com/en/ranking/economy,Delays,https://www.flightstats.com/v2/monthly-performance-reports/airlines
5.00,Never,3.00,,4.00,,Virgin Australia,ğŸ‡¦ğŸ‡º,Australia,Oceania,1999,19,,101,,,,,,0 ,,,,0,0.00,0.00,,0.00,,7,3.00,,,,virginaustralia.com,,"$54,069",,,Founded,http://www.planecrashinfo.com/accidents.htm,Full Loss Equivalents,http://www.airsafe.com/airline.htm,GDP per Capita (nominal),https://en.wikipedia.org/wiki/List_of_countries_by_GDP_(nominal)_per_capita,Airhelp score,https://www.airhelp.com/en/airhelp-score/airline-ranking/,,,,
5.00,Never,3.02,3.96,4.00,,Vueling,ğŸ‡ªğŸ‡¸,Spain,Europe,2004,14,,114,"19,387",29.80%,55.2,,,0 ,,,,0,0.00,0.00,,0.00,5.9,7,1.50,8.8,6,6.5,vueling.com,,"$26,695",Fleet size,https://en.wikipedia.org/wiki/Vueling,Founded,http://www.planecrashinfo.com/accidents.htm,Full Loss Equivalents,http://www.airsafe.com/airline.htm,GDP per Capita (nominal),https://en.wikipedia.org/wiki/List_of_countries_by_GDP_(nominal)_per_capita,Airhelp score,https://www.airhelp.com/en/airhelp-score/airline-ranking/,Flight-report.com score,https://flight-report.com/en/ranking/economy,Delays,https://www.flightstats.com/v2/monthly-performance-reports/airlines
4.86,,3.13,,3.99,,Cebu Pacific,ğŸ‡µğŸ‡­,Philippines,Asia,1995,23,Value Alliance,49,,,,,,0 ,"2,469,821 ","1,128",years,1,1.00,0.04,1998,20.41,,7,3.13,,,,cebupacific.com,,"$2,951",Fleet size,https://en.wikipedia.org/wiki/Cebu_Pacific,Founded,http://www.planecrashinfo.com/accidents.htm,Full Loss Equivalents,http://www.airsafe.com/airline.htm,GDP per Capita (nominal),https://en.wikipedia.org/wiki/List_of_countries_by_GDP_(nominal)_per_capita,Airhelp score,https://www.airhelp.com/en/airhelp-score/airline-ranking/,,,,
4.76,,3.28,3.80,3.98,,Kuwait Airways,ğŸ‡°ğŸ‡¼,Kuwait,Middle East,1957,48,,29,,,,,,0 ,"152,528,400 ","69,648",years,1,0.02,0.00,1988,0.69,,6,3.13,7.6,6,6.4,kuwaitairways.com,,"$27,229",Fleet size,https://en.wikipedia.org/wiki/Kuwait_Airways,Founded,http://www.planecrashinfo.com/accidents.htm,Full Loss Equivalents,http://www.airsafe.com/airline.htm,GDP per Capita (nominal),https://en.wikipedia.org/wiki/List_of_countries_by_GDP_(nominal)_per_capita,Airhelp score,https://www.airhelp.com/en/airhelp-score/airline-ranking/,,,,
5.00,Never,3.00,3.88,3.98,,LOT Polish,,Poland,Europe,,48,Star Alliance,,"11,608",23.92%,41.5,,,0 ,,,,,,,,,6.7,7,,7.9,6.3,9.1,,,,,,,,,,,,,,Flight-report.com score,https://flight-report.com/en/ranking/economy,Delays,https://www.flightstats.com/v2/monthly-performance-reports/airlines
5.00,Never,2.89,4.05,3.97,,Croatia Airlines,,Croatia,Europe,,48,,,,,,,,0 ,,,,,,,,,,7,,8.1,6.3,8.7,,,,,,,,,,,,,,,,,
4.29,Never,3.58,,3.93,,Scoot,ğŸ‡¸ğŸ‡¬,Singapore,Asia,2003,15,Value Alliance,131,,,,,,0 ,,,,0,0.00,0.00,,0.00,6.8,4,3.75,,,,scoot.sg,,"$52,814",Fleet size,https://en.wikipedia.org/wiki/Tigerair,,,Full Loss Equivalents,http://www.airsafe.com/airline.htm,GDP per Capita (nominal),https://en.wikipedia.org/wiki/List_of_countries_by_GDP_(nominal)_per_capita,Airhelp score,https://www.airhelp.com/en/airhelp-score/airline-ranking/,Flight-report.com score,https://flight-report.com/en/ranking/economy,,
4.76,Never,2.78,4.55,3.93,,UIA Ukraine International Airlines,ğŸ‡ºğŸ‡¦,Ukraine,Europe,,48,,,,,,,,0 ,,,,,,,,,5.6,6,,9.1,4.5,8.6,,,,,,,,,,,,,,Flight-report.com score,https://flight-report.com/en/ranking/economy,,
4.92,,3.10,3.45,3.90,,TAP Portugal,ğŸ‡µğŸ‡¹,Portugal,Europe,1945,48,Star Alliance,63,,,,,,0 ,"8,283,870 ","3,783",years,1,0.80,0.02,1977,12.70,6.7,7,2.50,6.9,6.3,6.1,tapportugal.com,,"$19,750",Fleet size,https://www.mro-network.com/maintenance-repair-overhaul/top-20-european-airlines-fleet-size/gallery?slide=2,Founded,http://www.planecrashinfo.com/accidents.htm,Full Loss Equivalents,http://www.airsafe.com/airline.htm,GDP per Capita (nominal),https://en.wikipedia.org/wiki/List_of_countries_by_GDP_(nominal)_per_capita,Airhelp score,https://www.airhelp.com/en/airhelp-score/airline-ranking/,Flight-report.com score,https://flight-report.com/en/ranking/economy,,
3.97,,3.79,3.92,3.89,,Air France,ğŸ‡«ğŸ‡·,France,Europe,1933,48,Sky Team,226,"29,087",18.10%,36.7,,,0 ,"5,620,187 ","2,566",years,8,4.23,0.09,2009,18.72,7.3,6,3.75,7.5,7.8,7.8,airfrance.com,,"$36,826",Fleet size,https://www.mro-network.com/maintenance-repair-overhaul/top-20-european-airlines-fleet-size/gallery?slide=2,Founded,http://www.planecrashinfo.com/accidents.htm,Full Loss Equivalents,http://www.airsafe.com/airline.htm,GDP per Capita (nominal),https://en.wikipedia.org/wiki/List_of_countries_by_GDP_(nominal)_per_capita,Airhelp score,https://www.airhelp.com/en/airhelp-score/airline-ranking/,Flight-report.com score,https://flight-report.com/en/ranking/economy,Delays,https://www.flightstats.com/v2/monthly-performance-reports/airlines
5.00,Never,2.78,,3.89,,Pegasus Airlines,ğŸ‡¹ğŸ‡·,Turkey,Middle East,1990,28,,75,,,,,,0 ,,,,0,0.00,0.00,,0.00,6.1,7,2.50,,,,pegasusairlines.com,,,Fleet size,https://en.wikipedia.org/wiki/Pegasus_Airlines,Founded,https://en.wikipedia.org/wiki/Pegasus_Airlines,Full Loss Equivalents,http://www.airsafe.com/airline.htm,GDP per Capita (nominal),https://en.wikipedia.org/wiki/List_of_countries_by_GDP_(nominal)_per_capita,Airhelp score,https://www.airhelp.com/en/airhelp-score/airline-ranking/,Flight-report.com score,https://flight-report.com/en/ranking/economy,,
4.88,Never,3.00,3.65,3.88,,Oman Air,ğŸ‡´ğŸ‡²,Oman,Middle East,,48,,,,,,,,0 ,,,,,,,,,7.2,6.5,,7.3,7.8,7.7,,,,,,,,,,,,,,Flight-report.com score,https://flight-report.com/en/ranking/economy,,
4.29,Never,3.26,4.25,3.87,,Jet2,ğŸ‡¬ğŸ‡§,United Kingdom,Europe,1983,35,A4E,85,,,,,,0 ,,,,0,0.00,0.00,,0.00,,4,3.50,8.5,6.8,3.8,jet2.com,,"$40,249",Fleet size,https://en.wikipedia.org/wiki/Jet2.com,,,,,GDP per Capita (nominal),https://en.wikipedia.org/wiki/List_of_countries_by_GDP_(nominal)_per_capita,Airhelp score,https://www.airhelp.com/en/airhelp-score/airline-ranking/,,,,
3.94,,3.79,3.80,3.85,,Turkish Airlines,ğŸ‡¹ğŸ‡·,Turkey,Middle East,1956,48,Star Alliance,329,"41,653",21.00%,37.8,,,0 ,"4,577,800 ","2,090",years,10,7.56,0.16,2009,22.98,7.8,6,3.13,7.3,8,8.5,turkishair.com,,"$10,863",Fleet size,https://en.wikipedia.org/wiki/World%27s_largest_airlines#By_fleet_size,Founded,http://www.planecrashinfo.com/accidents.htm,Full Loss Equivalents,http://www.airsafe.com/airline.htm,GDP per Capita (nominal),https://en.wikipedia.org/wiki/List_of_countries_by_GDP_(nominal)_per_capita,Airhelp score,https://www.airhelp.com/en/airhelp-score/airline-ranking/,Flight-report.com score,https://flight-report.com/en/ranking/economy,Delays,https://www.flightstats.com/v2/monthly-performance-reports/airlines
3.90,,3.69,4.01,3.84,,Ethiopian Airlines,ğŸ‡ªğŸ‡¹,Ethiopia,Africa,1945,48,Star Alliance,69,"10,025",23.71%,39.1,,,0 ,"3,575,492 ","1,633",years,3,2.03,0.04,2010,29.42,7,6,3.13,8.4,7.8,7.4,ethiopianairlines.com,,$687,,,,,Full Loss Equivalents,http://www.airsafe.com/airline.htm,GDP per Capita (nominal),https://en.wikipedia.org/wiki/List_of_countries_by_GDP_(nominal)_per_capita,Airhelp score,https://www.airhelp.com/en/airhelp-score/airline-ranking/,Flight-report.com score,https://flight-report.com/en/ranking/economy,Delays,https://www.flightstats.com/v2/monthly-performance-reports/airlines
4.27,,3.29,4.00,3.82,,Eurowings,ğŸ‡©ğŸ‡ª,Germany,Europe,1993,25,,109,,,,,,0 ,"5,971,838 ","2,727",years,1,1.00,0.04,2015,9.17,6.8,7,1.50,8,6,9.1,eurowings.de,,"$42,456",Fleet size,https://en.wikipedia.org/wiki/Eurowings,,,Full Loss Equivalents,http://www.airsafe.com/airline.htm,GDP per Capita (nominal),https://en.wikipedia.org/wiki/List_of_countries_by_GDP_(nominal)_per_capita,Airhelp score,https://www.airhelp.com/en/airhelp-score/airline-ranking/,Flight-report.com score,https://flight-report.com/en/ranking/economy,,
4.34,,3.37,3.70,3.82,,Czech Airlines,ğŸ‡¨ğŸ‡¿,Czechia,Europe,1923,48,Sky Team,18,,,,,,0 ,"1,061,131 ",485,years,2,1.78,0.04,1977,99.13,6.9,7,3.13,7.4,6,7.1,czechairlines.com,,,Fleet size,https://en.wikipedia.org/wiki/Czech_Airlines,Founded,https://en.wikipedia.org/wiki/Czech_Airlines,,,,,Airhelp score,https://www.airhelp.com/en/airhelp-score/airline-ranking/,Flight-report.com score,https://flight-report.com/en/ranking/economy,,
3.14,,4.50,,3.82,,Iraqi Airways,ğŸ‡®ğŸ‡¶,Iraq,Middle East,1945,48,,32,,,,x,,1 ,"1,295,174 ",591,,4,2.60,0.05,1986,,,2,4.50,,,,iraqiairways.com.iq,,,Fleet size,https://en.wikipedia.org/wiki/Iraqi_Airways,,,Full Loss Equivalents,https://en.wikipedia.org/wiki/Iraqi_Airways,,,Airhelp score,https://www.airhelp.com/en/airhelp-score/airline-ranking/,,,,
5.00,Never,3.54,2.02,3.82,,JetBlue Airlines,ğŸ‡ºğŸ‡¸,United States,North America,1999,19,,250,"30,342",19.15%,58.4,,,0 ,,,,0,0.00,0.00,,0.00,7.9,7,3.13,,,,jetblue.com,,"$57,808",Fleet size,https://en.wikipedia.org/wiki/JetBlue,Founded,http://www.planecrashinfo.com/accidents.htm,Full Loss Equivalents,http://www.airsafe.com/airline.htm,GDP per Capita (nominal),https://en.wikipedia.org/wiki/List_of_countries_by_GDP_(nominal)_per_capita,Airhelp score,https://www.airhelp.com/en/airhelp-score/airline-ranking/,Flight-report.com score,https://flight-report.com/en/ranking/economy,Delays,https://www.flightstats.com/v2/monthly-performance-reports/airlines
4.24,,3.33,3.95,3.82,,Aeroflot,ğŸ‡·ğŸ‡º,Russia,Europe,2000,18,Sky Team,248,,,,,,0 ,"2,867,788 ","1,309",years,8,3.41,0.19,2013,13.76,6.4,7,3.00,7.9,8,5,aeroflot.com,,"$8,655",Fleet size,https://www.planespotters.net/airline/Aer-Lingus,Founded,http://www.planecrashinfo.com/accidents.htm,Full Loss Equivalents,http://www.airsafe.com/events/airlines/fsu.htm,GDP per Capita (nominal),https://en.wikipedia.org/wiki/List_of_countries_by_GDP_(nominal)_per_capita,Airhelp score,https://www.airhelp.com/en/airhelp-score/airline-ranking/,Flight-report.com score,https://flight-report.com/en/ranking/economy,,
4.29,Never,3.03,4.30,3.78,,Ryanair,ğŸ‡®ğŸ‡ª,Ireland,Europe,1986,32,A4E,413,,,,,,0 ,,,,0,0.00,0.00,,0.00,5.8,4,3.13,8.6,6.3,3.3,ryanair.com,4.50,"$64,497",Fleet size,https://en.wikipedia.org/wiki/World%27s_largest_airlines#By_fleet_size,Founded,http://www.planecrashinfo.com/accidents.htm,Full Loss Equivalents,http://www.airsafe.com/airline.htm,GDP per Capita (nominal),https://en.wikipedia.org/wiki/List_of_countries_by_GDP_(nominal)_per_capita,Airhelp score,https://www.airhelp.com/en/airhelp-score/airline-ranking/,Flight-report.com score,https://flight-report.com/en/ranking/economy,,
3.80,,3.73,,3.76,,Malaysia Airlines,ğŸ‡²ğŸ‡¾,Malaysia,Asia,1987,31,OneWorld,83,,,,,,0 ,"1,544,857 ",705,years,4,3.65,0.12,2014,43.98,7.4,6,3.75,,,,malaysiaairlines.com,,"$9,508",Fleet size,https://centreforaviation.com/analysis/reports/malaysia-airlines-fleet-strategy-still-a-work-in-progress-following-a330-200-and-787-9-deals-373796,Founded,http://www.planecrashinfo.com/accidents.htm,Full Loss Equivalents,http://www.airsafe.com/airline.htm,GDP per Capita (nominal),https://en.wikipedia.org/wiki/List_of_countries_by_GDP_(nominal)_per_capita,Airhelp score,https://www.airhelp.com/en/airhelp-score/airline-ranking/,Flight-report.com score,https://flight-report.com/en/ranking/economy,,
4.29,Never,3.21,3.76,3.75,,TUIfly,ğŸ‡©ğŸ‡ª,United Kingdom,Europe,2007,11,,154,"5,283",29.67%,46.7,,,0 ,,,,0,0.00,0.00,,0.00,,4,2.00,8,6.3,7.4,tui.com,,"$42,456",Fleet size,https://en.wikipedia.org/wiki/TUI_Airways,,,,,GDP per Capita (nominal),https://en.wikipedia.org/wiki/List_of_countries_by_GDP_(nominal)_per_capita,Airhelp score,https://www.airhelp.com/en/airhelp-score/airline-ranking/,,,Delays,https://www.flightstats.com/v2/monthly-performance-reports/airlines
5.00,Never,2.50,,3.75,,Jeju Air,ğŸ‡°ğŸ‡·,South Korea,Asia,2005,13,Value Alliance,38,,,,,,0 ,,,,0,0.00,0.00,,0.00,,7,2.50,,,,jejuair.com,,,Fleet size,https://en.wikipedia.org/wiki/Jeju_Air,Founded,https://en.wikipedia.org/wiki/Jeju_Air,,,,,Airhelp score,https://www.airhelp.com/en/airhelp-score/airline-ranking/,,,,
5.00,Never,2.50,,3.75,,VietJet,ğŸ‡»ğŸ‡³,Vietnam,Asia,2007,11,,56,,,,,,0 ,,,,0,0.00,0.00,,0.00,,7,2.50,,,,vietjetair.com,,,Fleet size,https://en.wikipedia.org/wiki/VietJet_Air,Founded,https://en.wikipedia.org/wiki/VietJet_Air,Full Loss Equivalents,https://en.wikipedia.org/wiki/VietJet_Air,,,,,,,,
4.04,,3.71,3.17,3.74,,Asiana Airlines,ğŸ‡°ğŸ‡·,South Korea,Asia,1988,30,Star Alliance,82,"8,539",30.18%,35.2,,,0 ,"8,557,286 ","3,907",years,2,0.63,0.02,2013,7.68,7.9,6,5.00,5.7,9.5,4,flyasiana.com,,"$27,785",Fleet size,https://en.wikipedia.org/wiki/Asiana_Airlines,Founded,http://www.planecrashinfo.com/accidents.htm,Full Loss Equivalents,http://www.airsafe.com/airline.htm,GDP per Capita (nominal),https://en.wikipedia.org/wiki/List_of_countries_by_GDP_(nominal)_per_capita,Airhelp score,https://www.airhelp.com/en/airhelp-score/airline-ranking/,Flight-report.com score,https://flight-report.com/en/ranking/economy,Delays,https://www.flightstats.com/v2/monthly-performance-reports/airlines
4.24,,2.86,4.16,3.67,,Royal Jordanian Airlines,ğŸ‡¯ğŸ‡´,Jordan,Middle East,1963,48,OneWorld,24,"2,653",16.66%,42.4,,,0 ,"928,165 ",424,years,3,2.72,0.06,1979,113.33,,7,3.75,8.3,6.3,0.8,royaljordanianairlines.com,,"$4,088",Fleet size,https://en.wikipedia.org/wiki/Royal_Jordanian,Founded,http://www.planecrashinfo.com/accidents.htm,Full Loss Equivalents,http://www.airsafe.com/airline.htm,GDP per Capita (nominal),https://en.wikipedia.org/wiki/List_of_countries_by_GDP_(nominal)_per_capita,Airhelp score,https://www.airhelp.com/en/airhelp-score/airline-ranking/,,,Delays,https://www.flightstats.com/v2/monthly-performance-reports/airlines
4.69,,2.64,,3.66,,COPA Airlines,ğŸ‡µğŸ‡¦,Panama,Latin America,1944,48,Star Alliance,91,,,,,,0 ,"9,572,472 ","4,371",years,1,1.00,0.02,1992,10.99,6.8,6,1.88,,,,copaair.com,,"$13,680",Fleet size,https://en.wikipedia.org/wiki/Copa_Airlines,Founded,https://en.wikipedia.org/wiki/Copa_Airlines,Full Loss Equivalents,http://www.airsafe.com/airline.htm,GDP per Capita (nominal),https://en.wikipedia.org/wiki/List_of_countries_by_GDP_(nominal)_per_capita,Airhelp score,https://www.airhelp.com/en/airhelp-score/airline-ranking/,Flight-report.com score,https://flight-report.com/en/ranking/economy,,
4.98,,3.24,1.89,3.66,,China Eastern Airlines,ğŸ‡¨ğŸ‡³,China,Asia,1988,30,Sky Team,514,"65,153",24.49%,43,,,0 ,"17,937,857 ","8,191",years,3,1.88,0.06,2004,3.67,6.7,7,3.13,,,,ceair.com,,"$8,126",Fleet size,https://en.wikipedia.org/wiki/China_Eastern_Airlines,Founded,http://www.planecrashinfo.com/accidents.htm,Full Loss Equivalents,https://en.wikipedia.org/wiki/China_Eastern_Airlines,GDP per Capita (nominal),https://en.wikipedia.org/wiki/List_of_countries_by_GDP_(nominal)_per_capita,Airhelp score,https://www.airhelp.com/en/airhelp-score/airline-ranking/,Flight-report.com score,https://flight-report.com/en/ranking/economy,Delays,https://www.flightstats.com/v2/monthly-performance-reports/airlines
5.00,Never,3.13,2.06,3.66,,Spring Airlines,ğŸ‡¨ğŸ‡³,China,Asia,2004,14,,81,"10,973",17.54%,51.6,,,0 ,,,,0,0.00,0.00,,0.00,,7,3.13,,,,en.ch.com,,,Fleet size,https://en.wikipedia.org/wiki/Spring_Airlines,Founded,https://en.wikipedia.org/wiki/Spring_Airlines,Full Loss Equivalents,http://www.airsafe.com/airline.htm,GDP per Capita (nominal),https://en.wikipedia.org/wiki/List_of_countries_by_GDP_(nominal)_per_capita,Airhelp score,https://www.airhelp.com/en/airhelp-score/airline-ranking/,,,Delays,https://www.flightstats.com/v2/monthly-performance-reports/airlines
4.94,,3.13,2.13,3.65,,GOL Transportes AÃ©reos,ğŸ‡§ğŸ‡·,Brazil,Latin America,2000,18,,118,"20,010",14.90%,37.3,,,0 ,"4,654,746 ","2,125",years,1,1.00,0.06,2006,8.47,,7,3.13,,,,,,"$8,649",Fleet size,https://en.wikipedia.org/wiki/Gol_Transportes_A%C3%A9reos,Founded,http://www.planecrashinfo.com/accidents.htm,Full Loss Equivalents,http://www.airsafe.com/airline.htm,GDP per Capita (nominal),https://en.wikipedia.org/wiki/List_of_countries_by_GDP_(nominal)_per_capita,Airhelp score,https://www.airhelp.com/en/airhelp-score/airline-ranking/,,,Delays,https://www.flightstats.com/v2/monthly-performance-reports/airlines
4.83,,3.04,2.12,3.57,,Alitalia,ğŸ‡®ğŸ‡¹,Italy,Europe,1957,48,,109,"16,736",15.27%,40.7,,,0 ,"4,051,565 ","1,850",years,3,2.83,0.06,1990,25.96,5.9,7,3.13,,,,alitalia.it,,"$31,279",Fleet size,https://www.mro-network.com/maintenance-repair-overhaul/top-20-european-airlines-fleet-size/gallery?slide=2,Founded,http://www.planecrashinfo.com/accidents.htm,Full Loss Equivalents,http://www.airsafe.com/airline.htm,GDP per Capita (nominal),https://en.wikipedia.org/wiki/List_of_countries_by_GDP_(nominal)_per_capita,Airhelp score,https://www.airhelp.com/en/airhelp-score/airline-ranking/,Flight-report.com score,https://flight-report.com/en/ranking/economy,Delays,https://www.flightstats.com/v2/monthly-performance-reports/airlines
3.97,,3.13,,3.55,,Austral Lineas,ğŸ‡¦ğŸ‡·,Argentina,Latin America,TODO,#VALUE!,,26,,,,,,0 ,#VALUE!,#VALUE!,years,4,4.00,#VALUE!,1997,153.85,,7,3.13,,,,australlineas.com,,"$12,449",,,,,Full Loss Equivalents,http://www.airsafe.com/airline.htm,GDP per Capita (nominal),https://en.wikipedia.org/wiki/List_of_countries_by_GDP_(nominal)_per_capita,Airhelp score,https://www.airhelp.com/en/airhelp-score/airline-ranking/,,,,
4.99,,2.90,1.95,3.54,,Air China,ğŸ‡¨ğŸ‡³,China,Asia,1988,30,Star Alliance,392,"41,452",21.96%,46.9,,,0 ,"31,429,317 ","14,351",years,2,0.82,0.03,2003,2.09,6.6,7,2.50,,,,airchina.com,,"$8,126",Fleet size,https://en.wikipedia.org/wiki/World%27s_largest_airlines#By_fleet_size,Founded,http://www.planecrashinfo.com/accidents.htm,Full Loss Equivalents,http://www.airsafe.com/airline.htm,GDP per Capita (nominal),https://en.wikipedia.org/wiki/List_of_countries_by_GDP_(nominal)_per_capita,Airhelp score,https://www.airhelp.com/en/airhelp-score/airline-ranking/,Flight-report.com score,https://flight-report.com/en/ranking/economy,Delays,https://www.flightstats.com/v2/monthly-performance-reports/airlines
3.33,Never,3.75,,3.54,,Horizon Air,ğŸ‡ºğŸ‡¸,United States,North America,1981,37,,56,,,,,,0 ,,,,0,0.00,0.00,,0.00,,,3.75,,,,horizonair.com,,"$57,808",Fleet size,https://en.wikipedia.org/wiki/Horizon_Air,Founded,http://www.planecrashinfo.com/accidents.htm,Full Loss Equivalents,http://www.airsafe.com/airline.htm,GDP per Capita (nominal),https://en.wikipedia.org/wiki/List_of_countries_by_GDP_(nominal)_per_capita,Airhelp score,https://www.airhelp.com/en/airhelp-score/airline-ranking/,,,,
3.92,,3.45,2.90,3.53,,Air India,ğŸ‡®ğŸ‡³,India,Asia,1946,48,Star Alliance,118,,,,,,0 ,"4,004,083 ","1,828",years,4,3.10,0.06,2010,26.27,7.1,6,3.75,5.8,6.3,7.8,airindia.com,,"$1,706",Fleet size,http://www.rediff.com/business/report/how-many-planes-do-indias-airlines-own/20131213.htm,Founded,http://www.planecrashinfo.com/accidents.htm,Full Loss Equivalents,http://www.airsafe.com/airline.htm,GDP per Capita (nominal),https://en.wikipedia.org/wiki/List_of_countries_by_GDP_(nominal)_per_capita,Airhelp score,https://www.airhelp.com/en/airhelp-score/airline-ranking/,Flight-report.com score,https://flight-report.com/en/ranking/economy,,
3.49,,3.60,3.45,3.52,,Thai Airways,ğŸ‡¹ğŸ‡­,Thailand,Asia,1959,48,Star Alliance,81,,,,,x,1 ,"1,889,258 ",863,years,6,4.51,0.09,2003,55.68,8.1,5,4.38,6.9,8,4.2,thaiairways.com,,"$5,911",Fleet size,https://en.wikipedia.org/wiki/Thai_Airways,Founded,http://www.planecrashinfo.com/accidents.htm,Full Loss Equivalents,http://www.airsafe.com/airline.htm,GDP per Capita (nominal),https://en.wikipedia.org/wiki/List_of_countries_by_GDP_(nominal)_per_capita,Airhelp score,https://www.airhelp.com/en/airhelp-score/airline-ranking/,Flight-report.com score,https://flight-report.com/en/ranking/economy,,
3.33,Never,4.38,2.13,3.51,,IndiGo,ğŸ‡®ğŸ‡³,India,Asia,2006,12,,192,"40,057",14.70%,35.9,,,0 ,,,,0,0.00,0.00,,0.00,,,4.38,,,,goindigo.in,,"$1,706",Fleet size,https://en.wikipedia.org/wiki/IndiGo,Founded,https://en.wikipedia.org/wiki/IndiGo,Full Loss Equivalents,http://www.airsafe.com/airline.htm,GDP per Capita (nominal),https://en.wikipedia.org/wiki/List_of_countries_by_GDP_(nominal)_per_capita,Airhelp score,https://www.airhelp.com/en/airhelp-score/airline-ranking/,,,Delays,https://www.flightstats.com/v2/monthly-performance-reports/airlines
3.20,,3.75,,3.48,,China Northern Airlines,ğŸ‡¨ğŸ‡³,China,Asia,1988,30,,56,,,,,,0 ,"3,377,725 ","1,542",years,2,1.09,0.04,2002,19.46,,,3.75,,,,cna.com.cn,,"$8,126",Fleet size,https://en.wikipedia.org/wiki/China_Northern_Airlines,Founded,http://www.planecrashinfo.com/accidents.htm,Full Loss Equivalents,http://www.airsafe.com/airline.htm,GDP per Capita (nominal),https://en.wikipedia.org/wiki/List_of_countries_by_GDP_(nominal)_per_capita,Airhelp score,https://www.airhelp.com/en/airhelp-score/airline-ranking/,,,,
3.32,,3.49,,3.40,,Iran Air,ğŸ‡®ğŸ‡·,Iran,Middle East,1973,45,,36,,,,x,,1 ,"845,293 ",386,years,5,4.20,0.09,2006,116.67,7.7,6,3.13,,,,iranair.com,,"$5,299",Fleet size,https://en.wikipedia.org/wiki/Iran_Air,Founded,http://www.planecrashinfo.com/accidents.htm,Full Loss Equivalents,http://www.airsafe.com/airline.htm,GDP per Capita (nominal),https://en.wikipedia.org/wiki/List_of_countries_by_GDP_(nominal)_per_capita,Airhelp score,https://www.airhelp.com/en/airhelp-score/airline-ranking/,Flight-report.com score,https://flight-report.com/en/ranking/economy,,
3.14,Never,4.38,1.84,3.37,,Nok Air,ğŸ‡¹ğŸ‡­,Thailand,Asia,2004,14,Value Alliance,27,"5,485",26.57%,50.3,,x,1 ,,,,0,0.00,0.00,,0.00,,2,4.38,,,,nokair.com,,,Fleet size,https://en.wikipedia.org/wiki/Nok_Air,Founded,https://en.wikipedia.org/wiki/Nok_Air,,,,,Airhelp score,https://www.airhelp.com/en/airhelp-score/airline-ranking/,,,Delays,https://www.flightstats.com/v2/monthly-performance-reports/airlines
3.74,,3.00,,3.37,,Air Koryo,ğŸ‡°ğŸ‡µ,North Korea,Asia,1950,48,,19,,,,x,,1 ,"1,998,648 ",913,years,1,1.00,0.02,1983,52.63,,6,3.00,,,,airkoryo.com.kp,,,Fleet size,https://en.wikipedia.org/wiki/Air_Koryo,Founded,https://en.wikipedia.org/wiki/Air_Koryo,Full Loss Equivalents,https://en.wikipedia.org/wiki/Air_Koryo,GDP per Capita (nominal),https://en.wikipedia.org/wiki/List_of_countries_by_GDP_(nominal)_per_capita,Airhelp score,https://www.airhelp.com/en/airhelp-score/airline-ranking/,,,,
3.33,Never,3.19,3.74,3.35,,Jet Airways,ğŸ‡®ğŸ‡³,India,Asia,1992,26,,123,"16,987",15.50%,34.3,,,0 ,,,,0,0.00,0.00,,0.00,7,,3.13,6.5,6.5,5.6,jetairways.com,,"$1,706",Fleet size,https://en.wikipedia.org/wiki/Jet_Airways,Founded,https://en.wikipedia.org/wiki/Jet_Airways,Full Loss Equivalents,http://www.airsafe.com/airline.htm,GDP per Capita (nominal),https://en.wikipedia.org/wiki/List_of_countries_by_GDP_(nominal)_per_capita,Airhelp score,https://www.airhelp.com/en/airhelp-score/airline-ranking/,Flight-report.com score,https://flight-report.com/en/ranking/economy,Delays,https://www.flightstats.com/v2/monthly-performance-reports/airlines
3.33,Never,3.11,3.87,3.35,,easyJet,ğŸ‡¬ğŸ‡§,United Kingdom,Europe,1995,23,A4E,233,"55,351",24.07%,47.2,,,0 ,,,,0,0.00,0.00,,0.00,6.6,,3.75,7.9,7.8,1.3,easyjet.com,4.50,"$40,249",Fleet size,https://www.mro-network.com/maintenance-repair-overhaul/top-20-european-airlines-fleet-size/gallery?slide=2,Founded,http://www.planecrashinfo.com/accidents.htm,Full Loss Equivalents,http://www.airsafe.com/airline.htm,GDP per Capita (nominal),https://en.wikipedia.org/wiki/List_of_countries_by_GDP_(nominal)_per_capita,Airhelp score,https://www.airhelp.com/en/airhelp-score/airline-ranking/,Flight-report.com score,https://flight-report.com/en/ranking/economy,Delays,https://www.flightstats.com/v2/monthly-performance-reports/airlines
3.33,Never,3.26,,3.30,,Tunis Air,ğŸ‡¹ğŸ‡³,Tunisia,Africa,1948,48,,29,,,,,,0 ,,,,0,0.00,0.00,,0.00,6.8,,3.13,,,,tunisair.com,,"$3,657",Fleet size,https://en.wikipedia.org/wiki/Tunisair,Founded,https://en.wikipedia.org/wiki/Tunisair,Full Loss Equivalents,http://www.airsafe.com/airline.htm,GDP per Capita (nominal),https://en.wikipedia.org/wiki/List_of_countries_by_GDP_(nominal)_per_capita,Airhelp score,https://www.airhelp.com/en/airhelp-score/airline-ranking/,Flight-report.com score,https://flight-report.com/en/ranking/economy,,
3.38,,3.75,2.08,3.27,,Southwest Airlines,ğŸ‡ºğŸ‡¸,United States,North America,1971,47,,697,"117,308",16.84%,46,,,0 ,"10,696,910,927 ","4,884,434",years,1,0.01,0.00,2018,0.01,7.5,3,3.75,,,,southwest.com,,"$57,808",,,Founded,http://www.planecrashinfo.com/accidents.htm,Full Loss Equivalents,https://en.wikipedia.org/wiki/Southwest_Airlines_Flight_1380,GDP per Capita (nominal),https://en.wikipedia.org/wiki/List_of_countries_by_GDP_(nominal)_per_capita,Airhelp score,https://www.airhelp.com/en/airhelp-score/airline-ranking/,Flight-report.com score,https://flight-report.com/en/ranking/economy,Delays,https://www.flightstats.com/v2/monthly-performance-reports/airlines
4.03,,2.50,,3.26,,Lion Air,ğŸ‡®ğŸ‡©,Indonesia,Asia,1999,19,,115,,,,,,0 ,"4,163,850 ","1,901",years,2,1.15,0.06,2018,10.00,,6,2.50,,,,lionair.co.id,,"$3,570",Fleet size,https://www.planespotters.net/airline/Lion-Airlines,Founded,http://www.planecrashinfo.com/accidents.htm,Full Loss Equivalents,http://www.airsafe.com/airline.htm,GDP per Capita (nominal),https://en.wikipedia.org/wiki/List_of_countries_by_GDP_(nominal)_per_capita,Airhelp score,https://www.airhelp.com/en/airhelp-score/airline-ranking/,,,,
3.33,Never,3.13,,3.23,,Vanilla Air,ğŸ‡¯ğŸ‡µ,Japan,Asia,2013,5,Value Alliance,13,,,,,,0 ,,,,0,0.00,0.00,,0.00,,,3.13,,,,vanilla-air.com,,,Fleet size,https://en.wikipedia.org/wiki/Vanilla_Air,Founded,https://en.wikipedia.org/wiki/Vanilla_Air,,,,,Airhelp score,https://www.airhelp.com/en/airhelp-score/airline-ranking/,,,,
4.29,Never,1.90,3.76,3.23,,WOW Air,ğŸ‡®ğŸ‡¸,Iceland,Europe,,48,,,"1,713",24.79%,35.6,,,0 ,,,,,,,,,,4,,7.5,6,1.7,,,,,,,,,,,,,,,,Delays,https://www.flightstats.com/v2/monthly-performance-reports/airlines
5.00,Never,1.45,,3.23,,Air Europa,,,Europe,,48,,,,,,,,0 ,,,,,,,,,5.8,7,,,,,,,,,,,,,,,,,,Flight-report.com score,https://flight-report.com/en/ranking/economy,,
3.13,,3.21,,3.17,,Royal Air Maroc,ğŸ‡²ğŸ‡¦,Morocco,Africa,1957,48,,55,,,,,,0 ,"3,383,368 ","1,545",years,2,1.71,0.04,1994,31.09,6.6,,3.13,,,,royalairmaroc.com,,"$2,937",Fleet size,https://en.wikipedia.org/wiki/Royal_Air_Maroc,Founded,http://www.planecrashinfo.com/accidents.htm,Full Loss Equivalents,http://www.airsafe.com/airline.htm,GDP per Capita (nominal),https://en.wikipedia.org/wiki/List_of_countries_by_GDP_(nominal)_per_capita,Airhelp score,https://www.airhelp.com/en/airhelp-score/airline-ranking/,Flight-report.com score,https://flight-report.com/en/ranking/economy,,
5.00,Never,1.88,1.73,3.10,,Frontier Airlines,ğŸ‡ºğŸ‡¸,United States,North America,1994,24,,80,"10,778",30.64%,65.6,,,0 ,,,,0,0.00,0.00,,0.00,,7,1.88,,,,frontierairlines.com,,,Fleet size,https://en.wikipedia.org/wiki/Frontier_Airlines,Founded,http://www.planecrashinfo.com/accidents.htm,Full Loss Equivalents,http://www.airsafe.com/airline.htm,GDP per Capita (nominal),https://en.wikipedia.org/wiki/List_of_countries_by_GDP_(nominal)_per_capita,Airhelp score,https://www.airhelp.com/en/airhelp-score/airline-ranking/,,,Delays,https://www.flightstats.com/v2/monthly-performance-reports/airlines
1.33,,4.00,4.50,3.03,,SpaceX,ğŸ‡ºğŸ‡¸,United States,Space,2002,16,,10.00,1.58,,,,,,"175,320 ",80 ,years,0,2.00,0.13,2016,200.00,,,,,,,spacex.com,,"$57,808",,,,,,,,,,,,,,
4.05,Never,2.50,1.98,3.02,,SpiceJet,ğŸ‡®ğŸ‡³,India,Asia,1993,25,,61,"12,799",20.77%,46.1,,,0 ,,,,0,0.00,0.00,,0.00,,3,2.50,,,,spicejet.com,,,Fleet size,https://en.wikipedia.org/wiki/SpiceJet,Founded,https://en.wikipedia.org/wiki/SpiceJet,Full Loss Equivalents,http://www.airsafe.com/airline.htm,GDP per Capita (nominal),https://en.wikipedia.org/wiki/List_of_countries_by_GDP_(nominal)_per_capita,Airhelp score,https://www.airhelp.com/en/airhelp-score/airline-ranking/,,,Delays,https://www.flightstats.com/v2/monthly-performance-reports/airlines
3.99,,2.50,1.97,2.99,,flydubai,ğŸ‡¦ğŸ‡ª,United Arab Emirates,Middle East,2009,9,,62,"6,675",21.13%,37.4,,,0 ,"1,222,857 ",558,years,1,1.00,0.11,2016,16.13,,6,2.50,,,,flydubai.com,,"$37,622",Fleet size,https://en.wikipedia.org/wiki/Flydubai,Founded,https://en.wikipedia.org/wiki/Flydubai,Full Loss Equivalents,http://www.airsafe.com/airline.htm,GDP per Capita (nominal),https://en.wikipedia.org/wiki/List_of_countries_by_GDP_(nominal)_per_capita,Airhelp score,https://www.airhelp.com/en/airhelp-score/airline-ranking/,,,Delays,https://www.flightstats.com/v2/monthly-performance-reports/airlines
2.97,,3.00,,2.99,,Luxair,ğŸ‡±ğŸ‡º,Luxembourg,Europe,1962,48,,17,,,,,,0 ,"1,950,833 ",891,,1,0.92,0.02,2002,53.92,,,3.00,,,,luxair.lu,,"$99,506",Fleet size,https://en.wikipedia.org/wiki/Luxair,,,,,,,,,,,,
3.18,,3.13,2.04,2.93,,LATAM Brazil (prev TAM),???,Brazil,Latin America,1976,42,,147,513,18.38%,47.4,,,0 ,"3,933,233 ","1,796",years,7,3.44,0.08,2007,23.40,,,3.13,,,,,,,,,Founded,http://www.planecrashinfo.com/accidents.htm,Full Loss Equivalents,http://www.airsafe.com/airline.htm,GDP per Capita (nominal),https://en.wikipedia.org/wiki/List_of_countries_by_GDP_(nominal)_per_capita,Airhelp score,https://www.airhelp.com/en/airhelp-score/airline-ranking/,,,Delays,https://www.flightstats.com/v2/monthly-performance-reports/airlines
3.97,,1.88,,2.92,,TAME,ğŸ‡ªğŸ‡¨,Ecuador,Latin America,TODO,#VALUE!,,13,,,,,,0 ,#VALUE!,#VALUE!,years,2,2.00,#VALUE!,2002,153.85,,7,1.88,,,,tame.com.ec,,"$5,982",Fleet size,https://en.wikipedia.org/wiki/TAME,,,Full Loss Equivalents,http://www.airsafe.com/airline.htm,GDP per Capita (nominal),https://en.wikipedia.org/wiki/List_of_countries_by_GDP_(nominal)_per_capita,Airhelp score,https://www.airhelp.com/en/airhelp-score/airline-ranking/,,,,
4.29,Never,1.88,2.24,2.91,,Sprit Airlines,ğŸ‡ºğŸ‡¸,United States,North America,1992,26,,122,"15,066",10.57%,61.4,,,0 ,,,,0,0.00,0.00,,0.00,,4,1.88,,,,spirit.com,,"$57,808",Fleet size,https://en.wikipedia.org/wiki/Spirit_Airlines,Founded,http://www.planecrashinfo.com/accidents.htm,Full Loss Equivalents,http://www.airsafe.com/airline.htm,GDP per Capita (nominal),https://en.wikipedia.org/wiki/List_of_countries_by_GDP_(nominal)_per_capita,Airhelp score,https://www.airhelp.com/en/airhelp-score/airline-ranking/,,,Delays,https://www.flightstats.com/v2/monthly-performance-reports/airlines
1.11,,4.00,4.00,2.84,,NASA,ğŸ‡ºğŸ‡¸,United States,Space,1958,48,,6.00,0,,,,,,"315,576 ",144 ,years,2,2.00,0.04,2003,333.33,,,,,,,nasa.gov,,"$57,808",,,,,,,,,,,,,,
3.33,Never,2.30,,2.82,,Middle East Airlines,,,Middle East,,48,,,,,,,,0 ,,,,,,,,,9.2,,,,,,,,,,,,,,,,,,,,,,
2.60,,2.82,3.05,2.78,,Pakistan International Airlines,ğŸ‡µğŸ‡°,Pakistan,Asia,1951,48,,33,,,,,,0 ,"467,835 ",214,years,11,7.42,0.15,2016,224.85,,6,3.13,6.1,6,4.2,piac.com.pk,,"$1,462",,,Founded,http://www.planecrashinfo.com/accidents.htm,Full Loss Equivalents,http://www.airsafe.com/airline.htm,GDP per Capita (nominal),https://en.wikipedia.org/wiki/List_of_countries_by_GDP_(nominal)_per_capita,Airhelp score,https://www.airhelp.com/en/airhelp-score/airline-ranking/,,,,
2.44,,3.50,1.94,2.76,,Air Asia,ğŸ‡²ğŸ‡¾,Malaysia,Asia,1994,24,,169,"18,540",22.37%,40.1,,"x * Thai Air Asia is banned because it's Thai, Malaysia Air Asia and Indonesia Air Asia is not",1 ,"8,888,724 ","4,059",years,1,1.00,0.04,2014,5.92,6.5,2,3.75,,,,airasia.com,5.00,"$9,508",,,Founded,http://www.planecrashinfo.com/accidents.htm,Full Loss Equivalents,http://www.airsafe.com/airline.htm,GDP per Capita (nominal),https://en.wikipedia.org/wiki/List_of_countries_by_GDP_(nominal)_per_capita,Airhelp score,https://www.airhelp.com/en/airhelp-score/airline-ranking/,Flight-report.com score,https://flight-report.com/en/ranking/economy,Delays,https://www.flightstats.com/v2/monthly-performance-reports/airlines
2.91,,3.13,1.70,2.75,,EgyptAir,ğŸ‡ªğŸ‡¬,Egypt,Middle East,1971,47,Star Alliance,54,"6,476",31.99%,33.3,,,0 ,"724,222 ",331,years,9,7.68,0.16,2016,142.22,,5,3.13,,,,www.egyptair.com,,"$2,823",,,Founded,http://www.planecrashinfo.com/accidents.htm,Full Loss Equivalents,http://www.airsafe.com/airline.htm,GDP per Capita (nominal),https://en.wikipedia.org/wiki/List_of_countries_by_GDP_(nominal)_per_capita,Airhelp score,https://www.airhelp.com/en/airhelp-score/airline-ranking/,,,Delays,https://www.flightstats.com/v2/monthly-performance-reports/airlines
0.67,,3.50,5.00,2.67,,Soyuz,ğŸ‡·ğŸ‡º,Russia,Space,1967,48,,10.00,0.33,,,,,,"350,640 ",160 ,years,0,3.00,0.06,2018,300.00,,,,,,,www.roscosmos.ru,,"$8,655",,,,,,,,,,,,,,
3.62,Never,1.93,2.23,2.66,,Bangkok Airways,ğŸ‡¹ğŸ‡­,Thailand,Asia,,48,,,"5,931",10.69%,54.2,,x,1 ,,,,,,,,,7.7,4,,,,,,,,,,,,,,,,,,Flight-report.com score,https://flight-report.com/en/ranking/economy,Delays,https://www.flightstats.com/v2/monthly-performance-reports/airlines
3.33,Never,2.10,2.23,2.62,,Azul Brazil,,Brazil,Latin America,,48,,,"21,905",10.68%,37.4,,,0 ,,,,,,,,,8.4,,,,,,,,,,,,,,,,,,,Flight-report.com score,https://flight-report.com/en/ranking/economy,Delays,https://www.flightstats.com/v2/monthly-performance-reports/airlines
3.33,Never,1.88,2.10,2.50,,Allegiant Air,ğŸ‡ºğŸ‡¸,United States,North America,1998,20,,96,"7,579",16.19%,72.4,,,0 ,,,,0,0.00,0.00,,0.00,,,1.88,,,,,,"$57,808",Fleet size,https://www.planespotters.net/airline/Allegiant-Air,Founded,http://www.planecrashinfo.com/accidents.htm,Full Loss Equivalents,http://www.airsafe.com/airline.htm,GDP per Capita (nominal),https://en.wikipedia.org/wiki/List_of_countries_by_GDP_(nominal)_per_capita,Airhelp score,https://www.airhelp.com/en/airhelp-score/airline-ranking/,,,Delays,https://www.flightstats.com/v2/monthly-performance-reports/airlines
5.00,Never,0.00,,2.50,,Jin Air,,South Korea,Asia,,48,,,,,,,,0 ,,,,,,,,,,7,,,,,,,,,,,,,,,,,,,,,
5.00,Never,0.00,,2.50,,T'way,,South Korea,Asia,,48,,,,,,,,0 ,,,,,,,,,,7,,,,,,,,,,,,,,,,,,,,,
1.56,,3.00,,2.28,,Biman Bangladesh Airlines,ğŸ‡§ğŸ‡©,Bangladesh,Asia,1972,46,,12,,,,,x,1 ,"604,854 ",276,years,2,2.00,0.04,1984,166.67,,,3.00,,,,biman-airlines.com,,,Fleet size,https://en.wikipedia.org/wiki/Biman_Bangladesh_Airlines,Founded,https://en.wikipedia.org/wiki/Biman_Bangladesh_Airlines,Full Loss Equivalents,https://en.wikipedia.org/wiki/Biman_Bangladesh_Airlines,,,Airhelp score,https://www.airhelp.com/en/airhelp-score/airline-ranking/,,,,
1.43,,2.50,,1.96,,Cubana,ğŸ‡¨ğŸ‡º,Cuba,Latin America,1929,48,,14,,,,,,0 ,"207,383 ",95,years,8,7.10,0.15,2018,507.24,,6,2.50,,,,cubana.cu,,"$7,815",,,Founded,http://www.planecrashinfo.com/accidents.htm,Full Loss Equivalents,http://www.airsafe.com/airline.htm,GDP per Capita (nominal),https://en.wikipedia.org/wiki/List_of_countries_by_GDP_(nominal)_per_capita,Airhelp score,https://www.airhelp.com/en/airhelp-score/airline-ranking/,,,,
0.33,,3.50,,1.91,,Nepal Airlines,ğŸ‡³ğŸ‡µ,Nepal,Asia,1958,48,,13,,,,x,,1 ,"366,578 ",167,years,6,3.73,0.08,2014,286.96,,1,3.50,,,,nepalairlines.com.np,,,Fleet size,https://en.wikipedia.org/wiki/Nepal_Airlines,Founded,https://en.wikipedia.org/wiki/Nepal_Airlines,Full Loss Equivalents,https://en.wikipedia.org/wiki/Nepal_Airlines,GDP per Capita (nominal),https://en.wikipedia.org/wiki/List_of_countries_by_GDP_(nominal)_per_capita,Airhelp score,https://www.airhelp.com/en/airhelp-score/airline-ranking/,,,,
3.57,Never,0.00,,1.79,,Yeti Airlines,,,,,48,,,,,,,,0 ,,,,,,,,,,1,,,,,,,,,,,,,,,,,,,,,
,,,,,ğŸš€,SPACE ROCKET LAUNCH,,,,,,,13.00,"rockets in fleet of US/RU/CN, 5 human launches per year est.",,,,,,#DIV/0!,#DIV/0!,days,3,3.00,0.06,2003,230.77,,,,,,,,,,,,,,,,,,,,,,,
,,,,,ğŸš—,DRIVING A CAR,,,,,,,,,,,,,,,,years,,,,,,,,,,,,,,,,,,,,,,,,,,,,
,TO SEE PLANE MODELS CLICK THE TAB BELOW,,,,ğŸš‚,TAKING THE TRAIN (US),,,,,,,,,,,,,,,,years,,,,,,,,,,,,,,,,,,,,,,,,,,,,
,,,,,âœˆï¸,FLYING A PLANE,,,,,,,,,,,,average of all airlines here -->,,,,years,,,,,,,,,,,,,,,,,,,,,,,,,,,,
,,,,,ğŸ›³,SAILING A CRUISESHIP,,,,,,,,,,,,,,,,years,,,,,,,,,,,,,,,,,,,,,,,,,,,,